"Model","Scenario","Region","Variable","Unit","1990","1995","2000","2005","2010","2015","2020","2025","2030","2035","2040","2045","2050","2055","2060","2070","2080","2090","2100"
"REMIND-MAgPIE 3.0-4.4","Delayed transition","World","Final Energy|Transportation","EJ/yr","","","",90.8114,102.2777,117.8049,129.5028,136.3357,138.8309,133.183,124.6622,119.0693,118.9773,121.8553,125.317,130.2583,136.4225,143.5452,146.0321
"REMIND-MAgPIE 3.0-4.4","Delayed transition","World","Final Energy|Transportation|Aviation|Passenger","EJ/yr","","","","","","",12.8171,15.3038,16.8233,17.5344,17.3037,17.565,18.6562,19.5484,20.2626,22.5621,25.7381,29.2948,31.5306
"REMIND-MAgPIE 3.0-4.4","Delayed transition","REMIND-MAgPIE 3.0-4.4|Canada, NZ, Australia","Final Energy|Transportation","EJ/yr","","","",3.6428,4.096,4.283300000000001,4.3264,4.2155,3.9841,3.4247,2.875599999999999,2.596,2.498,2.4712,2.5204,2.5765,2.6486,2.6659,2.7526
"REMIND-MAgPIE 3.0-4.4","Delayed transition","REMIND-MAgPIE 3.0-4.4|Canada, NZ, Australia","Final Energy|Transportation|Aviation|Passenger","EJ/yr","","","","","","",0.6526000000000001,0.7011,0.7161,0.6244999999999999,0.545,0.5605,0.5831,0.5979,0.635,0.6958,0.7579,0.8056000000000001,0.8693000000000001
"REMIND-MAgPIE 3.0-4.4","Delayed transition","REMIND-MAgPIE 3.0-4.4|China","Final Energy|Transportation","EJ/yr","","","",7.2946,11.3069,15.9195,20.4999,22.2996,21.531,20.0826,17.5655,15.2002,14.035,13.4661,12.8238,12.4328,12.4762,12.4649,12.1467
"REMIND-MAgPIE 3.0-4.4","Delayed transition","REMIND-MAgPIE 3.0-4.4|China","Final Energy|Transportation|Aviation|Passenger","EJ/yr","","","","","","",1.6906,2.8397,2.9687,3.1725,2.9832,2.6839,2.7178,2.7176,2.5599,2.6251,2.8395,3.0025,2.787500000000001
"REMIND-MAgPIE 3.0-4.4","Delayed transition","REMIND-MAgPIE 3.0-4.4|Countries from the Reforming Economies of the Former Soviet Union","Final Energy|Transportation","EJ/yr","","","",4.3843,4.924799999999999,5.687099999999999,5.964,5.9999,6.0638,5.3519,4.4458,3.6879,3.6132,3.5143,3.4472,3.6059,3.9062,4.0877,4.0427
"REMIND-MAgPIE 3.0-4.4","Delayed transition","REMIND-MAgPIE 3.0-4.4|Countries from the Reforming Economies of the Former Soviet Union","Final Energy|Transportation|Aviation|Passenger","EJ/yr","","","","","","",0.5386000000000001,0.5376000000000001,0.6198,0.655,0.5926,0.5386000000000001,0.5700000000000001,0.5484,0.5415,0.6254,0.7402,0.8106000000000001,0.7991999999999999
"REMIND-MAgPIE 3.0-4.4","Delayed transition","REMIND-MAgPIE 3.0-4.4|EU 28","Final Energy|Transportation","EJ/yr","","","",17.9425,18.024,18.4175,18.8952,18.1712,16.6003,13.8708,11.5213,10.3318,9.7671,9.578,9.5475,9.647199999999998,9.8762,10.1868,10.1815
"REMIND-MAgPIE 3.0-4.4","Delayed transition","REMIND-MAgPIE 3.0-4.4|EU 28","Final Energy|Transportation|Aviation|Passenger","EJ/yr","","","","","","",1.9196,1.9035,1.8871,1.6716,1.5147,1.523,1.487,1.5054,1.5531,1.6231,1.724,1.8644,1.8904
"REMIND-MAgPIE 3.0-4.4","Delayed transition","REMIND-MAgPIE 3.0-4.4|India","Final Energy|Transportation","EJ/yr","","","",1.7626,2.8245,4.4827,5.9871,8.328,10.9236,12.5079,12.8099,12.8357,12.7743,12.622,12.2206,12.3564,13.0486,14.1527,14.5995
"REMIND-MAgPIE 3.0-4.4","Delayed transition","REMIND-MAgPIE 3.0-4.4|India","Final Energy|Transportation|Aviation|Passenger","EJ/yr","","","","","","",0.4496,0.6884999999999999,1.0014,1.2108,1.2545,1.2489,1.3273,1.5021,1.5544,1.8515,2.4038,3.1106,3.7277
"REMIND-MAgPIE 3.0-4.4","Delayed transition","REMIND-MAgPIE 3.0-4.4|Japan","Final Energy|Transportation","EJ/yr","","","",3.8694,3.5858,3.6501,3.7022,3.5892,3.3501,2.9393,2.432199999999999,2.0186,1.8072,1.6763,1.6079,1.5315,1.5198,1.4749,1.4513
"REMIND-MAgPIE 3.0-4.4","Delayed transition","REMIND-MAgPIE 3.0-4.4|Japan","Final Energy|Transportation|Aviation|Passenger","EJ/yr","","","","","","",0.3095,0.319,0.302,0.2739,0.2323,0.2141,0.2218,0.2142,0.2075,0.2051,0.2134,0.216,0.2174
"REMIND-MAgPIE 3.0-4.4","Delayed transition","REMIND-MAgPIE 3.0-4.4|Latin America and the Caribbean","Final Energy|Transportation","EJ/yr","","","",7.625599999999999,9.5184,11.3202,11.8125,12.3923,13.2225,13.6032,13.4629,13.105,12.9717,12.7726,12.6181,12.7766,12.8245,12.7223,12.3487
"REMIND-MAgPIE 3.0-4.4","Delayed transition","REMIND-MAgPIE 3.0-4.4|Latin America and the Caribbean","Final Energy|Transportation|Aviation|Passenger","EJ/yr","","","","","","",0.6881999999999999,0.7614,0.959,1.3266,1.6221,1.9056,2.2079,2.2168,2.2786,2.5434,2.6244,2.6513,2.6158
"REMIND-MAgPIE 3.0-4.4","Delayed transition","REMIND-MAgPIE 3.0-4.4|Middle East, North Africa, Central Asia","Final Energy|Transportation","EJ/yr","","","",6.5388,8.7823,11.8568,13.3899,14.0239,13.9766,13.285,12.9682,12.5564,12.8808,13.3237,13.4917,13.5251,13.6109,13.8566,13.4844
"REMIND-MAgPIE 3.0-4.4","Delayed transition","REMIND-MAgPIE 3.0-4.4|Middle East, North Africa, Central Asia","Final Energy|Transportation|Aviation|Passenger","EJ/yr","","","","","","",1.6718,1.6126,1.4765,1.7118,1.9154,2.0897,2.3555,2.4399,2.4867,2.6474,2.7848,2.9457,3.0793
"REMIND-MAgPIE 3.0-4.4","Delayed transition","REMIND-MAgPIE 3.0-4.4|Non-EU28 Europe","Final Energy|Transportation","EJ/yr","","","",1.4428,1.537,2.5656,3.268,3.6428,3.9446,3.9195,3.7658,3.6212,3.5963,3.6476,3.6842,3.6093,3.569,3.574,3.3429
"REMIND-MAgPIE 3.0-4.4","Delayed transition","REMIND-MAgPIE 3.0-4.4|Non-EU28 Europe","Final Energy|Transportation|Aviation|Passenger","EJ/yr","","","","","","",0.6893999999999999,0.7451,0.7777000000000001,0.8134,0.8083,0.7592,0.6618999999999999,0.6518,0.6599,0.6407,0.6076,0.5670000000000001,0.4606
"REMIND-MAgPIE 3.0-4.4","Delayed transition","REMIND-MAgPIE 3.0-4.4|Other Asia","Final Energy|Transportation","EJ/yr","","","",7.180899999999999,9.7046,12.4257,15.5849,17.7633,19.5571,20.0134,19.8339,19.6469,19.7032,19.9464,20.0838,20.3667,20.8735,21.8158,22.4403
"REMIND-MAgPIE 3.0-4.4","Delayed transition","REMIND-MAgPIE 3.0-4.4|Other Asia","Final Energy|Transportation|Aviation|Passenger","EJ/yr","","","","","","",1.6256,1.8794,2.171,2.4434,2.5494,2.6416,2.859599999999999,3.098,3.2976,3.6971,4.167299999999999,4.6016,5.1076
"REMIND-MAgPIE 3.0-4.4","Delayed transition","REMIND-MAgPIE 3.0-4.4|Sub-saharan Africa","Final Energy|Transportation","EJ/yr","","","",1.9149,2.1162,3.045,3.679,4.3423,5.647899999999999,7.122399999999999,8.8223,10.7845,13.3435,16.9004,21.4221,25.9528,29.9753,33.8403,36.13350000000001
"REMIND-MAgPIE 3.0-4.4","Delayed transition","REMIND-MAgPIE 3.0-4.4|Sub-saharan Africa","Final Energy|Transportation|Aviation|Passenger","EJ/yr","","","","","","",0.1743,0.2524,0.3939,0.5434,0.6974999999999999,0.8385,1.0291,1.321,1.7231,2.5761,3.8202,5.2972,6.296
"REMIND-MAgPIE 3.0-4.4","Delayed transition","REMIND-MAgPIE 3.0-4.4|United States of America","Final Energy|Transportation","EJ/yr","","","",27.2123,25.8572,24.1515,22.3937,21.5679,20.0293,17.0623,14.1587,12.6851,11.987,11.9367,11.8498,11.8773,12.0937,12.7032,13.1079
"REMIND-MAgPIE 3.0-4.4","Delayed transition","REMIND-MAgPIE 3.0-4.4|United States of America","Final Energy|Transportation|Aviation|Passenger","EJ/yr","","","","","","",2.4075,3.0638,3.55,3.0876,2.5886,2.5615,2.6352,2.7354,2.7653,2.831399999999999,3.0548,3.4223,3.6798
"REMIND-MAgPIE 3.0-4.4","Current Policies","World","Final Energy|Transportation","EJ/yr","","","",90.8114,102.2777,117.8049,129.5028,136.3357,138.8309,138.7685,138.0214,138.3827,142.9496,148.7415,156.0884,163.9436,171.8062,178.0229,181.9964
"REMIND-MAgPIE 3.0-4.4","Current Policies","World","Final Energy|Transportation|Aviation|Passenger","EJ/yr","","","","","","",12.8075,15.2616,17.1429,19.8746,22.1637,23.8984,25.9121,27.4104,29.0143,32.2706,36.29880000000001,40.31769999999999,43.1026
"REMIND-MAgPIE 3.0-4.4","Current Policies","REMIND-MAgPIE 3.0-4.4|Canada, NZ, Australia","Final Energy|Transportation","EJ/yr","","","",3.6428,4.096,4.283300000000001,4.3264,4.2155,3.9841,3.6537,3.317,3.0673,2.9525,2.8959,2.9104,2.9077,2.9878,3.0191,3.0743
"REMIND-MAgPIE 3.0-4.4","Current Policies","REMIND-MAgPIE 3.0-4.4|Canada, NZ, Australia","Final Energy|Transportation|Aviation|Passenger","EJ/yr","","","","","","",0.6526000000000001,0.7011,0.7504,0.7899999999999999,0.7980999999999999,0.7939999999999999,0.7870999999999999,0.7886,0.8122,0.8583000000000001,0.9266,0.9807,1.0403
"REMIND-MAgPIE 3.0-4.4","Current Policies","REMIND-MAgPIE 3.0-4.4|China","Final Energy|Transportation","EJ/yr","","","",7.2946,11.3069,15.9195,20.4999,22.2996,21.531,20.7654,19.48239999999999,18.0597,17.6062,16.7881,16.1216,15.7955,15.2411,14.5195,13.6064
"REMIND-MAgPIE 3.0-4.4","Current Policies","REMIND-MAgPIE 3.0-4.4|China","Final Energy|Transportation|Aviation|Passenger","EJ/yr","","","","","","",1.6809,2.7948,3.0048,3.6256,4.122899999999999,4.342099999999999,4.7186,4.627299999999999,4.4471,4.541300000000001,4.503200000000001,4.2003,3.579
"REMIND-MAgPIE 3.0-4.4","Current Policies","REMIND-MAgPIE 3.0-4.4|Countries from the Reforming Economies of the Former Soviet Union","Final Energy|Transportation","EJ/yr","","","",4.3843,4.924799999999999,5.687099999999999,5.964,5.9999,6.0638,5.8042,5.5381,5.0453,4.8757,5.0086,5.0936,5.1705,5.3013,5.173,5.116899999999999
"REMIND-MAgPIE 3.0-4.4","Current Policies","REMIND-MAgPIE 3.0-4.4|Countries from the Reforming Economies of the Former Soviet Union","Final Energy|Transportation|Aviation|Passenger","EJ/yr","","","","","","",0.5388000000000001,0.5379,0.6322,0.7838999999999999,0.9069,0.9701,1.0266,1.0899,1.1512,1.2317,1.3053,1.2894,1.2548
"REMIND-MAgPIE 3.0-4.4","Current Policies","REMIND-MAgPIE 3.0-4.4|EU 28","Final Energy|Transportation","EJ/yr","","","",17.9425,18.024,18.4175,18.8952,18.1712,16.6003,14.6951,13.0162,11.9557,11.5343,11.2918,11.0951,10.9358,10.977,10.8615,10.6701
"REMIND-MAgPIE 3.0-4.4","Current Policies","REMIND-MAgPIE 3.0-4.4|EU 28","Final Energy|Transportation|Aviation|Passenger","EJ/yr","","","","","","",1.9196,1.9037,1.9107,1.9018,1.9037,1.889,1.8842,1.8975,1.9199,1.9455,2.0098,1.9946,2.01
"REMIND-MAgPIE 3.0-4.4","Current Policies","REMIND-MAgPIE 3.0-4.4|India","Final Energy|Transportation","EJ/yr","","","",1.7626,2.8245,4.4827,5.9871,8.328,10.9236,13.1878,14.8201,15.9466,16.8217,17.05,17.7961,19.0553,20.3046,20.7326,20.9023
"REMIND-MAgPIE 3.0-4.4","Current Policies","REMIND-MAgPIE 3.0-4.4|India","Final Energy|Transportation|Aviation|Passenger","EJ/yr","","","","","","",0.4481,0.6852999999999999,1.0154,1.3407,1.5983,1.7584,1.9412,2.2384,2.6489,3.412799999999999,4.3378,5.103,5.8264
"REMIND-MAgPIE 3.0-4.4","Current Policies","REMIND-MAgPIE 3.0-4.4|Japan","Final Energy|Transportation","EJ/yr","","","",3.8694,3.5858,3.6501,3.7022,3.5892,3.3501,2.9882,2.5761,2.2383,2.0083,1.8749,1.7978,1.6861,1.646,1.5778,1.5136
"REMIND-MAgPIE 3.0-4.4","Current Policies","REMIND-MAgPIE 3.0-4.4|Japan","Final Energy|Transportation|Aviation|Passenger","EJ/yr","","","","","","",0.3094,0.3189,0.3058,0.3056,0.3028,0.2933000000000001,0.2799,0.2658,0.2604,0.2487,0.2499,0.2457,0.2368
"REMIND-MAgPIE 3.0-4.4","Current Policies","REMIND-MAgPIE 3.0-4.4|Latin America and the Caribbean","Final Energy|Transportation","EJ/yr","","","",7.625599999999999,9.5184,11.3202,11.8125,12.3923,13.2225,13.9643,14.3325,14.6875,14.9412,14.9398,14.8171,14.3409,14.4856,14.7159,14.6775
"REMIND-MAgPIE 3.0-4.4","Current Policies","REMIND-MAgPIE 3.0-4.4|Latin America and the Caribbean","Final Energy|Transportation|Aviation|Passenger","EJ/yr","","","","","","",0.688,0.7612,0.9733,1.4394,1.8914,2.377,2.8068,2.8985,2.9994,3.0982,3.2836,3.6188,3.7813
"REMIND-MAgPIE 3.0-4.4","Current Policies","REMIND-MAgPIE 3.0-4.4|Middle East, North Africa, Central Asia","Final Energy|Transportation","EJ/yr","","","",6.5388,8.7823,11.8568,13.3899,14.0239,13.9766,14.1933,14.7546,15.2364,16.5127,17.5339,18.2872,18.2764,18.1431,18.1486,18.1722
"REMIND-MAgPIE 3.0-4.4","Current Policies","REMIND-MAgPIE 3.0-4.4|Middle East, North Africa, Central Asia","Final Energy|Transportation|Aviation|Passenger","EJ/yr","","","","","","",1.6719,1.6129,1.5127,1.9833,2.4224,2.8079,3.3265,3.5571,3.7713,3.9363,4.0898,4.3133,4.5593
"REMIND-MAgPIE 3.0-4.4","Current Policies","REMIND-MAgPIE 3.0-4.4|Non-EU28 Europe","Final Energy|Transportation","EJ/yr","","","",1.4428,1.537,2.5656,3.268,3.6428,3.9446,3.9812,3.8888,3.8006,3.867,4.0202,4.0709,4.0431,4.030600000000001,3.9767,3.7234
"REMIND-MAgPIE 3.0-4.4","Current Policies","REMIND-MAgPIE 3.0-4.4|Non-EU28 Europe","Final Energy|Transportation|Aviation|Passenger","EJ/yr","","","","","","",0.6904999999999999,0.7474999999999999,0.7877,0.8630000000000001,0.8962,0.8624,0.7848999999999999,0.8052,0.8128000000000001,0.8016000000000001,0.7675,0.6851999999999999,0.5576000000000001
"REMIND-MAgPIE 3.0-4.4","Current Policies","REMIND-MAgPIE 3.0-4.4|Other Asia","Final Energy|Transportation","EJ/yr","","","",7.180899999999999,9.7046,12.4257,15.5849,17.7633,19.5571,20.3415,20.9085,21.5469,22.2503,23.0624,23.5604,24.1542,25.0296,26.0587,27.0918
"REMIND-MAgPIE 3.0-4.4","Current Policies","REMIND-MAgPIE 3.0-4.4|Other Asia","Final Energy|Transportation|Aviation|Passenger","EJ/yr","","","","","","",1.6261,1.882,2.1844,2.5356,2.8407,3.1446,3.5346,3.9723,4.2597,4.8356,5.54,6.187499999999999,6.862899999999999
"REMIND-MAgPIE 3.0-4.4","Current Policies","REMIND-MAgPIE 3.0-4.4|Sub-saharan Africa","Final Energy|Transportation","EJ/yr","","","",1.9149,2.1162,3.045,3.679,4.3423,5.647899999999999,7.248600000000001,9.237999999999998,11.9592,15.5653,20.5099,26.8132,33.7786,39.8968,45.12,49.27050000000001
"REMIND-MAgPIE 3.0-4.4","Current Policies","REMIND-MAgPIE 3.0-4.4|Sub-saharan Africa","Final Energy|Transportation|Aviation|Passenger","EJ/yr","","","","","","",0.1743,0.2524,0.3966,0.5674,0.7723,1.005,1.3074,1.7641,2.3387,3.6404,5.448700000000001,7.633999999999999,9.1952
"REMIND-MAgPIE 3.0-4.4","Current Policies","REMIND-MAgPIE 3.0-4.4|United States of America","Final Energy|Transportation","EJ/yr","","","",27.2123,25.8572,24.1515,22.3937,21.5679,20.0293,17.9453,16.1492,14.8392,14.0145,13.766,13.7251,13.7996,13.7626,14.1196,14.1774
"REMIND-MAgPIE 3.0-4.4","Current Policies","REMIND-MAgPIE 3.0-4.4|United States of America","Final Energy|Transportation|Aviation|Passenger","EJ/yr","","","","","","",2.4076,3.0641,3.6689,3.7382,3.708,3.6545,3.5143,3.5057,3.5925,3.7201,3.836599999999999,4.0652,4.198799999999999
"REMIND-MAgPIE 3.0-4.4","Net Zero 2050","World","Final Energy|Transportation","EJ/yr","","","",90.8114,102.2777,117.8049,129.5028,129.6849,123.5285,114.6442,105.4336,100.5054,99.8164,100.6532,102.474,106.6712,112.6401,119.3158,126.0771
"REMIND-MAgPIE 3.0-4.4","Net Zero 2050","World","Final Energy|Transportation|Aviation|Passenger","EJ/yr","","","","","","",12.6683,14.2417,14.9637,15.611,15.3825,15.5045,15.9458,16.1717,16.2122,17.4545,19.6287,22.361,25.4034
"REMIND-MAgPIE 3.0-4.4","Net Zero 2050","REMIND-MAgPIE 3.0-4.4|Canada, NZ, Australia","Final Energy|Transportation","EJ/yr","","","",3.6428,4.096,4.283300000000001,4.3264,4.060099999999999,3.5601,2.9593,2.5,2.3266,2.3317,2.18,2.1348,2.0906,2.1503,2.1894,2.3494
"REMIND-MAgPIE 3.0-4.4","Net Zero 2050","REMIND-MAgPIE 3.0-4.4|Canada, NZ, Australia","Final Energy|Transportation|Aviation|Passenger","EJ/yr","","","","","","",0.6491,0.6757,0.6539,0.584,0.5524,0.5593,0.5483,0.543,0.534,0.5404,0.5874999999999999,0.6341,0.7292
"REMIND-MAgPIE 3.0-4.4","Net Zero 2050","REMIND-MAgPIE 3.0-4.4|China","Final Energy|Transportation","EJ/yr","","","",7.2946,11.3069,15.9195,20.4999,20.9358,19.3882,17.9355,15.6774,13.7806,13.2876,12.7358,11.8742,11.5716,11.3386,11.3262,11.2067
"REMIND-MAgPIE 3.0-4.4","Net Zero 2050","REMIND-MAgPIE 3.0-4.4|China","Final Energy|Transportation|Aviation|Passenger","EJ/yr","","","","","","",1.6576,2.5472,2.556,2.8183,2.6808,2.5241,2.6711,2.5511,2.2303,2.2097,2.3712,2.9232,3.0456
"REMIND-MAgPIE 3.0-4.4","Net Zero 2050","REMIND-MAgPIE 3.0-4.4|Countries from the Reforming Economies of the Former Soviet Union","Final Energy|Transportation","EJ/yr","","","",4.3843,4.924799999999999,5.687099999999999,5.964,5.627199999999999,4.9838,4.2384,3.6852,3.1834,3.172,3.1428,3.0455,3.1258,3.3075,3.414,3.4735
"REMIND-MAgPIE 3.0-4.4","Net Zero 2050","REMIND-MAgPIE 3.0-4.4|Countries from the Reforming Economies of the Former Soviet Union","Final Energy|Transportation|Aviation|Passenger","EJ/yr","","","","","","",0.5351,0.492,0.5014,0.5235,0.5163,0.4931,0.5334,0.5289,0.4979,0.5302,0.592,0.6341,0.632
"REMIND-MAgPIE 3.0-4.4","Net Zero 2050","REMIND-MAgPIE 3.0-4.4|EU 28","Final Energy|Transportation","EJ/yr","","","",17.9425,18.024,18.4175,18.8952,17.5475,15.1632,12.2746,10.1538,9.255,8.863100000000001,8.7258,8.717799999999999,8.727599999999999,8.934099999999999,8.9386,9.0907
"REMIND-MAgPIE 3.0-4.4","Net Zero 2050","REMIND-MAgPIE 3.0-4.4|EU 28","Final Energy|Transportation|Aviation|Passenger","EJ/yr","","","","","","",1.9141,1.8049,1.7857,1.6426,1.5292,1.5313,1.4885,1.4947,1.5412,1.5821,1.702,1.7098,1.8173
"REMIND-MAgPIE 3.0-4.4","Net Zero 2050","REMIND-MAgPIE 3.0-4.4|India","Final Energy|Transportation","EJ/yr","","","",1.7626,2.8245,4.4827,5.9871,7.931300000000001,10.0245,11.0683,11.0539,11.1136,10.8341,10.5385,10.3073,10.5539,10.9073,11.4556,12.1777
"REMIND-MAgPIE 3.0-4.4","Net Zero 2050","REMIND-MAgPIE 3.0-4.4|India","Final Energy|Transportation|Aviation|Passenger","EJ/yr","","","","","","",0.4422,0.6827,0.9902,1.1147,1.1024,1.1228,1.156,1.2762,1.3373,1.571,1.8582,2.1825,2.7438
"REMIND-MAgPIE 3.0-4.4","Net Zero 2050","REMIND-MAgPIE 3.0-4.4|Japan","Final Energy|Transportation","EJ/yr","","","",3.8694,3.5858,3.6501,3.7022,3.4951,3.1034,2.5611,2.0015,1.653,1.4953,1.4094,1.3562,1.2903,1.281,1.2607,1.2343
"REMIND-MAgPIE 3.0-4.4","Net Zero 2050","REMIND-MAgPIE 3.0-4.4|Japan","Final Energy|Transportation|Aviation|Passenger","EJ/yr","","","","","","",0.3021,0.285,0.2615,0.2497,0.2211,0.2064,0.2003,0.1909,0.1831,0.1731,0.1774,0.1821,0.1786
"REMIND-MAgPIE 3.0-4.4","Net Zero 2050","REMIND-MAgPIE 3.0-4.4|Latin America and the Caribbean","Final Energy|Transportation","EJ/yr","","","",7.625599999999999,9.5184,11.3202,11.8125,11.8454,11.4499,10.9771,10.3901,9.9909,10.2301,10.5381,10.4812,10.3129,10.4869,10.5399,10.325
"REMIND-MAgPIE 3.0-4.4","Net Zero 2050","REMIND-MAgPIE 3.0-4.4|Latin America and the Caribbean","Final Energy|Transportation|Aviation|Passenger","EJ/yr","","","","","","",0.6914999999999999,0.7272,0.8218000000000001,1.0757,1.3298,1.5338,1.7832,1.889,1.8476,1.825,1.84,1.8465,1.9342
"REMIND-MAgPIE 3.0-4.4","Net Zero 2050","REMIND-MAgPIE 3.0-4.4|Middle East, North Africa, Central Asia","Final Energy|Transportation","EJ/yr","","","",6.5388,8.7823,11.8568,13.3899,12.8812,11.8063,10.9089,10.2257,9.9224,9.6548,9.513,9.3936,9.7257,10.4755,11.2603,11.944
"REMIND-MAgPIE 3.0-4.4","Net Zero 2050","REMIND-MAgPIE 3.0-4.4|Middle East, North Africa, Central Asia","Final Energy|Transportation|Aviation|Passenger","EJ/yr","","","","","","",1.6707,1.5379,1.3439,1.4879,1.516,1.5906,1.6481,1.6362,1.6095,1.7419,1.9765,2.2279,2.5321
"REMIND-MAgPIE 3.0-4.4","Net Zero 2050","REMIND-MAgPIE 3.0-4.4|Non-EU28 Europe","Final Energy|Transportation","EJ/yr","","","",1.4428,1.537,2.5656,3.268,3.4602,3.5304,3.2457,2.9175,2.695,2.6485,2.6849,2.6885,2.6795,2.7293,2.7538,2.6934
"REMIND-MAgPIE 3.0-4.4","Net Zero 2050","REMIND-MAgPIE 3.0-4.4|Non-EU28 Europe","Final Energy|Transportation|Aviation|Passenger","EJ/yr","","","","","","",0.6492,0.6174999999999999,0.6228,0.6650999999999999,0.6475,0.5964999999999999,0.5079,0.4765,0.457,0.4472,0.4474,0.4321,0.3924
"REMIND-MAgPIE 3.0-4.4","Net Zero 2050","REMIND-MAgPIE 3.0-4.4|Other Asia","Final Energy|Transportation","EJ/yr","","","",7.180899999999999,9.7046,12.4257,15.5849,17.2196,17.65480000000001,17.577,16.9435,16.5172,16.2456,16.1985,16.3503,16.8059,17.4939,18.4697,19.6882
"REMIND-MAgPIE 3.0-4.4","Net Zero 2050","REMIND-MAgPIE 3.0-4.4|Other Asia","Final Energy|Transportation|Aviation|Passenger","EJ/yr","","","","","","",1.6258,1.8064,1.9549,2.1116,2.0628,2.0482,2.1242,2.2372,2.3841,2.6368,3.0023,3.3353,3.9197
"REMIND-MAgPIE 3.0-4.4","Net Zero 2050","REMIND-MAgPIE 3.0-4.4|Sub-saharan Africa","Final Energy|Transportation","EJ/yr","","","",1.9149,2.1162,3.045,3.679,4.157099999999999,5.0741,6.188,7.5086,8.763,10.4483,12.8173,16.1317,19.7572,23.4083,27.1281,31.0125
"REMIND-MAgPIE 3.0-4.4","Net Zero 2050","REMIND-MAgPIE 3.0-4.4|Sub-saharan Africa","Final Energy|Transportation|Aviation|Passenger","EJ/yr","","","","","","",0.1739,0.2526,0.3942,0.5001,0.5846,0.6485,0.7713,0.9747,1.2495,1.8487,2.6575,3.6797,4.8191
"REMIND-MAgPIE 3.0-4.4","Net Zero 2050","REMIND-MAgPIE 3.0-4.4|United States of America","Final Energy|Transportation","EJ/yr","","","",27.2123,25.8572,24.1515,22.3937,20.5244,17.7897,14.7104,12.3765,11.3048,10.6053,10.1689,9.9929,10.0301,10.1273,10.5795,10.8816
"REMIND-MAgPIE 3.0-4.4","Net Zero 2050","REMIND-MAgPIE 3.0-4.4|United States of America","Final Energy|Transportation|Aviation|Passenger","EJ/yr","","","","","","",2.3571,2.8125,3.0772,2.8377,2.6397,2.6498,2.5134,2.3734,2.3408,2.3483,2.4167,2.5737,2.6594
"MESSAGEix-GLOBIOM 1.1-M-R12","Delayed transition","World","Final Energy|Transportation","EJ/yr",57.09020811133333,62.14078716133334,76.44316663749511,85.39570761425244,93.31162941220512,104.611712640996,115.3103852765367,128.0351213009791,139.3502357194817,128.400137714105,115.2807880459514,105.0802803564833,96.55534202896328,92.27266061321406,96.56789869083724,110.4991306724095,137.5552956010421,167.0826409171859,189.7190290565541
"MESSAGEix-GLOBIOM 1.1-M-R12","Delayed transition","MESSAGEix-GLOBIOM 1.1-R12|China","Final Energy|Transportation","EJ/yr",1.4470350144,1.9822956234,3.612776108999999,5.5944434556,8.263670817,11.86419477144,14.16555862012638,17.26820124732523,20.33288936143506,17.49577381102677,14.63412582305394,12.90772082636358,12.97762899102083,12.90546986999582,12.91468055835811,12.88266774434992,14.12556040229235,15.42999011252954,15.45132421138102
"MESSAGEix-GLOBIOM 1.1-M-R12","Delayed transition","MESSAGEix-GLOBIOM 1.1-R12|Eastern Europe","Final Energy|Transportation","EJ/yr",1.218635160666667,1.054220294666667,1.286154941333333,1.741945789333333,2.033201919333333,2.072782642826666,2.313309096767397,2.684729696175852,2.985521052028326,2.593152592411963,2.294083953372677,1.926885911222946,1.611524588600928,1.596247928329031,1.674699090498267,1.854200806017197,2.051567749511758,2.253616785739829,2.414096830716179
"MESSAGEix-GLOBIOM 1.1-M-R12","Delayed transition","MESSAGEix-GLOBIOM 1.1-R12|Former Soviet Union","Final Energy|Transportation","EJ/yr",6.641164379333333,4.254329672,4.140230568,4.873316890666667,5.375619776666666,5.253428728213333,5.826457066649566,6.501114499743975,7.172586988843511,5.72050367680132,4.754136083401108,4.251087767929809,3.972239592681825,4.051213575583149,4.217141467227834,4.682255938543548,5.596169920839737,6.53765086230211,7.125850786341034
"MESSAGEix-GLOBIOM 1.1-M-R12","Delayed transition","MESSAGEix-GLOBIOM 1.1-R12|Latin America and the Caribbean","Final Energy|Transportation","EJ/yr",4.021605473999999,5.14644488,5.799821212,6.628115230000001,8.107082602,9.174443701239998,10.46619478286375,12.18498225938607,13.78380716871189,12.64670415413536,11.77945835530294,11.18383228621376,10.27954039017441,9.398933706457298,10.15924259920589,11.65758596147872,14.54422599220724,17.15201043136853,18.99323725035372
"MESSAGEix-GLOBIOM 1.1-M-R12","Delayed transition","MESSAGEix-GLOBIOM 1.1-R12|Middle East and North Africa","Final Energy|Transportation","EJ/yr",2.792734531999999,3.440695446,4.150156206,5.29119771,6.824180485999999,8.015149936159998,9.094902916140644,10.42177560894294,11.74029592446052,10.73628079104697,10.07144915921086,9.513643218721285,8.783831626148048,7.751567962946448,8.442628082742033,10.57701473420746,13.9739853652021,17.65219603654473,20.51867175691512
"MESSAGEix-GLOBIOM 1.1-M-R12","Delayed transition","MESSAGEix-GLOBIOM 1.1-R12|North America","Final Energy|Transportation","EJ/yr",22.221639468,24.090274078,26.81477182,28.368097896,27.370225914,28.90616802512,29.6230123963003,29.27035311673117,28.00369913239218,28.30620996957541,24.60152484076604,21.16050653016829,17.34566903066965,13.72654265447741,12.83016291183555,13.30857448149979,15.46045118642496,17.7238995432711,18.56558560594401
"MESSAGEix-GLOBIOM 1.1-M-R12","Delayed transition","MESSAGEix-GLOBIOM 1.1-R12|Other Pacific Asia","Final Energy|Transportation","EJ/yr",2.189200862,3.472598156,3.991270302,4.5878084,5.141748574,6.35958329152,7.03058660950245,8.028071789279148,8.937309948037507,8.530355810655669,8.10102356455874,7.798939310561908,7.219362910456928,6.541108852078642,7.078007773351028,8.259290956824604,10.08322650869893,12.12802471798104,13.71953133791229
"MESSAGEix-GLOBIOM 1.1-M-R12","Delayed transition","MESSAGEix-GLOBIOM 1.1-R12|Pacific OECD","Final Energy|Transportation","EJ/yr",3.857716274666666,4.534377537333333,4.779672528000001,4.656555086666668,4.531358108000001,4.554362900386666,4.870226013568871,5.155588240150951,5.452242369308339,4.654502794186607,3.914257459481949,3.079793764839352,2.566601373205348,2.469268874931769,2.481748588410013,2.550252064091044,2.899719726513012,3.339225682306691,3.465398576137984
"MESSAGEix-GLOBIOM 1.1-M-R12","Delayed transition","MESSAGEix-GLOBIOM 1.1-R12|Rest Centrally Planned Asia","Final Energy|Transportation","EJ/yr",0.1607816682666666,0.2202550692666665,0.4014195676666666,0.6216048284,0.9181856463333328,1.307328502396,1.54598929571144,1.919223186013361,2.259401147692071,1.910495750551235,1.590626991215,1.408197956166702,1.410981848644594,1.405073723272829,1.414807882670681,1.425103018554044,1.590807194554199,1.773237216670843,1.781799047856254
"MESSAGEix-GLOBIOM 1.1-M-R12","Delayed transition","MESSAGEix-GLOBIOM 1.1-R12|South Asia","Final Energy|Transportation","EJ/yr",1.161367982666667,1.509588506666666,1.859592092,2.228644786,3.524471994,4.614102162559999,5.555937186362208,7.153564039105968,8.732310087440231,8.15295266345409,7.715865713965925,7.78790358137156,7.52460974588789,8.769929882742893,10.23138240312465,13.78284600285965,19.49991153090423,25.69242776115048,30.6824047990708
"MESSAGEix-GLOBIOM 1.1-M-R12","Delayed transition","MESSAGEix-GLOBIOM 1.1-R12|Sub-saharan Africa","Final Energy|Transportation","EJ/yr",0.8810898753333332,1.039783385333333,1.230185108666667,1.550652535333333,1.843178676,2.219032235066666,2.723906931977534,3.468106970960702,4.163470320688047,3.792604188613649,3.45114307033389,3.27026707303136,3.246631057663714,3.806916566478664,4.511610666152364,6.560557910691073,11.35526456010747,18.10470389595809,25.8096590347128
"MESSAGEix-GLOBIOM 1.1-M-R12","Delayed transition","MESSAGEix-GLOBIOM 1.1-R12|Western Europe","Final Energy|Transportation","EJ/yr",10.49723742,11.39592451266667,12.43498037533333,12.96740291,12.63229882066667,12.68103474406667,13.6605083605662,15.1138320471637,16.48965641844407,14.26991831164598,12.48845703128834,10.53295833831304,8.936385790043698,8.762783282259207,9.018540277648498,9.878838960011803,11.89731540015211,14.05849463136293,15.62711061921292
"MESSAGEix-GLOBIOM 1.1-M-R12","Current Policies","World","Final Energy|Transportation","EJ/yr",57.09020811133333,62.14078716133334,76.44316663749511,85.39570761425244,93.31162941220512,104.611712640996,115.3103852765367,128.0351213009791,139.3502357194817,156.1269238136378,164.1803581305678,168.5452230661302,169.2337802559458,164.6391299314078,163.4795109742223,164.3005548656832,186.4526774617386,210.1324428038729,235.0962411899073
"MESSAGEix-GLOBIOM 1.1-M-R12","Current Policies","MESSAGEix-GLOBIOM 1.1-R12|China","Final Energy|Transportation","EJ/yr",1.4470350144,1.9822956234,3.612776108999999,5.5944434556,8.263670817,11.86419477144,14.16555862012638,17.26820124732523,20.33288936143506,21.41633915502825,21.95985631246303,20.82311130881067,21.26971670966368,21.24138382645892,19.98982819348153,20.97304095944962,21.21216974667953,21.505183815709,21.81853006834806
"MESSAGEix-GLOBIOM 1.1-M-R12","Current Policies","MESSAGEix-GLOBIOM 1.1-R12|Eastern Europe","Final Energy|Transportation","EJ/yr",1.218635160666667,1.054220294666667,1.286154941333333,1.741945789333333,2.033201919333333,2.072782642826666,2.313309096767397,2.684729696175852,2.985521052028326,3.224912651039576,3.327767663915795,3.261835166631966,3.026410473975514,2.569513350279487,2.569733784918408,2.571844917210569,2.771786963734151,2.87937116997963,3.035025418155583
"MESSAGEix-GLOBIOM 1.1-M-R12","Current Policies","MESSAGEix-GLOBIOM 1.1-R12|Former Soviet Union","Final Energy|Transportation","EJ/yr",6.641164379333333,4.254329672,4.140230568,4.873316890666667,5.375619776666666,5.253428728213333,5.826457066649566,6.501114499743975,7.172586988843511,7.76674291300135,8.364181700995172,8.794141697026456,8.763337550428796,8.205156598205013,8.991636766077704,6.955164887939934,7.663854437340175,8.3076380198688,8.882201229565585
"MESSAGEix-GLOBIOM 1.1-M-R12","Current Policies","MESSAGEix-GLOBIOM 1.1-R12|Latin America and the Caribbean","Final Energy|Transportation","EJ/yr",4.021605473999999,5.14644488,5.799821212,6.628115230000001,8.107082602,9.174443701239998,10.46619478286375,12.18498225938607,13.78380716871189,15.22309359739734,16.4070553812614,17.32097021760751,17.5882195507624,16.67938568288427,17.01539525636397,17.78282910210467,20.02823288561018,21.75619790940726,23.52323349805639
"MESSAGEix-GLOBIOM 1.1-M-R12","Current Policies","MESSAGEix-GLOBIOM 1.1-R12|Middle East and North Africa","Final Energy|Transportation","EJ/yr",2.792734531999999,3.440695446,4.150156206,5.29119771,6.824180485999999,8.015149936159998,9.094902916140644,10.42177560894294,11.74029592446052,13.30542733584355,14.65100697460427,16.02416858495229,17.08093046616496,18.70632537859031,19.12867711357779,17.02720570572729,19.70828016253604,22.57971463445847,25.36567751949951
"MESSAGEix-GLOBIOM 1.1-M-R12","Current Policies","MESSAGEix-GLOBIOM 1.1-R12|North America","Final Energy|Transportation","EJ/yr",22.221639468,24.090274078,26.81477182,28.368097896,27.370225914,28.90616802512,29.6230123963003,29.27035311673117,28.00369913239218,34.37697118696056,34.79914908162666,34.46918365418671,33.10443983052589,30.16623361358308,27.27509600905005,22.08236052543279,23.18458932184286,24.48903938045731,25.47291700726752
"MESSAGEix-GLOBIOM 1.1-M-R12","Current Policies","MESSAGEix-GLOBIOM 1.1-R12|Other Pacific Asia","Final Energy|Transportation","EJ/yr",2.189200862,3.472598156,3.991270302,4.5878084,5.141748574,6.35958329152,7.03058660950245,8.028071789279148,8.937309948037507,10.12652956624694,11.02001103188203,11.76067722172702,11.93676697770198,11.12352014501145,10.98505304687778,12.13199186947883,13.74314967270615,15.31643779700536,16.96060397213428
"MESSAGEix-GLOBIOM 1.1-M-R12","Current Policies","MESSAGEix-GLOBIOM 1.1-R12|Pacific OECD","Final Energy|Transportation","EJ/yr",3.857716274666666,4.534377537333333,4.779672528000001,4.656555086666668,4.531358108000001,4.554362900386666,4.870226013568871,5.155588240150951,5.452242369308339,5.65232086744524,5.852003690551467,5.937185822346835,6.171528110835589,6.062420242124801,5.752567184506076,4.104138135375047,4.35985801129741,4.653364412790406,4.757240534521519
"MESSAGEix-GLOBIOM 1.1-M-R12","Current Policies","MESSAGEix-GLOBIOM 1.1-R12|Rest Centrally Planned Asia","Final Energy|Transportation","EJ/yr",0.1607816682666666,0.2202550692666665,0.4014195676666666,0.6216048284,0.9181856463333328,1.307328502396,1.54598929571144,1.919223186013361,2.259401147692071,2.345077032412723,2.27974659381067,2.18907140171518,2.257214306277642,2.464430525058789,2.40290428626898,2.326888143469697,2.354605288569009,2.392458969051509,2.431352517800888
"MESSAGEix-GLOBIOM 1.1-M-R12","Current Policies","MESSAGEix-GLOBIOM 1.1-R12|South Asia","Final Energy|Transportation","EJ/yr",1.161367982666667,1.509588506666666,1.859592092,2.228644786,3.524471994,4.614102162559999,5.555937186362208,7.153564039105968,8.732310087440231,10.5722800496565,12.07467870776293,13.87464526331166,14.97630857391687,15.55086752254545,15.73735295251234,21.16433601734155,27.01876469573577,32.89633677231143,38.41434823237421
"MESSAGEix-GLOBIOM 1.1-M-R12","Current Policies","MESSAGEix-GLOBIOM 1.1-R12|Sub-saharan Africa","Final Energy|Transportation","EJ/yr",0.8810898753333332,1.039783385333333,1.230185108666667,1.550652535333333,1.843178676,2.219032235066666,2.723906931977534,3.468106970960702,4.163470320688047,5.110931847801906,5.793572051689564,6.474205455526159,6.560909222444211,6.089928610080543,7.209471497777608,10.46658953765697,15.685990651133,22.85728759557701,32.08691436594304
"MESSAGEix-GLOBIOM 1.1-M-R12","Current Policies","MESSAGEix-GLOBIOM 1.1-R12|Western Europe","Final Energy|Transportation","EJ/yr",10.49723742,11.39592451266667,12.43498037533333,12.96740291,12.63229882066667,12.68103474406667,13.6605083605662,15.1138320471637,16.48965641844407,17.41561441080386,17.76669294000485,17.46740147228772,16.08538288324829,15.18662463658563,15.64804628281001,15.59095326449629,17.28593782455431,18.77851752725674,20.37561282624072
"MESSAGEix-GLOBIOM 1.1-M-R12","Net Zero 2050","World","Final Energy|Transportation","EJ/yr",57.09020811133333,62.14078716133334,76.44316663749511,85.39570761425244,93.31162941220512,104.611712640996,115.3103852765367,110.6310814995491,104.901551766133,98.93184559459694,95.7509341000912,92.6731731768598,95.01560243029994,102.4076893873986,111.1596371189843,136.4047371199708,160.3828290467812,182.8799809375489,203.6389939056726
"MESSAGEix-GLOBIOM 1.1-M-R12","Net Zero 2050","MESSAGEix-GLOBIOM 1.1-R12|China","Final Energy|Transportation","EJ/yr",1.4470350144,1.9822956234,3.612776108999999,5.5944434556,8.263670817,11.86419477144,14.16555862012638,13.50022494504195,12.74644714552919,11.45150528113435,12.32978903368621,13.00918813925132,13.72769961286891,14.11956864536552,14.68601300300323,16.54084761251912,17.44226828146284,17.90141160907676,18.02866845296101
"MESSAGEix-GLOBIOM 1.1-M-R12","Net Zero 2050","MESSAGEix-GLOBIOM 1.1-R12|Eastern Europe","Final Energy|Transportation","EJ/yr",1.218635160666667,1.054220294666667,1.286154941333333,1.741945789333333,2.033201919333333,2.072782642826666,2.313309096767397,2.197538210607756,2.01799294337805,1.785873914939924,1.55164758368924,1.548544918637274,1.653400195239108,1.743086007654145,1.848776505756529,2.158353968563385,2.396073765563157,2.514665446709216,2.641491075900368
"MESSAGEix-GLOBIOM 1.1-M-R12","Net Zero 2050","MESSAGEix-GLOBIOM 1.1-R12|Former Soviet Union","Final Energy|Transportation","EJ/yr",6.641164379333333,4.254329672,4.140230568,4.873316890666667,5.375619776666666,5.253428728213333,5.826457066649566,4.990327052354056,4.09314830336065,3.590243299376712,3.724012374679736,3.937897219269324,4.208408613482628,4.484991792520471,4.809764763444099,5.798622936910364,6.594882216761127,7.224188067255341,7.65600157258035
"MESSAGEix-GLOBIOM 1.1-M-R12","Net Zero 2050","MESSAGEix-GLOBIOM 1.1-R12|Latin America and the Caribbean","Final Energy|Transportation","EJ/yr",4.021605473999999,5.14644488,5.799821212,6.628115230000001,8.107082602,9.174443701239998,10.46619478286375,10.68002339941378,10.62891494572198,10.5866762157249,10.35370324812924,9.666022648372875,9.95360810679936,10.92305583896241,11.98955404000363,14.77892817464203,17.36246227058601,19.1555534868434,20.7390688976067
"MESSAGEix-GLOBIOM 1.1-M-R12","Net Zero 2050","MESSAGEix-GLOBIOM 1.1-R12|Middle East and North Africa","Final Energy|Transportation","EJ/yr",2.792734531999999,3.440695446,4.150156206,5.29119771,6.824180485999999,8.015149936159998,9.094902916140644,9.025724446439202,8.889840844440643,8.939308494914702,8.810766206662766,8.473047362595873,8.423642344501083,9.400718245666043,10.49492140217075,13.97057611905191,17.02868177504284,19.86413464246683,22.39986555749357
"MESSAGEix-GLOBIOM 1.1-M-R12","Net Zero 2050","MESSAGEix-GLOBIOM 1.1-R12|North America","Final Energy|Transportation","EJ/yr",22.221639468,24.090274078,26.81477182,28.368097896,27.370225914,28.90616802512,29.6230123963003,27.14022835564752,24.55794902739857,22.06746077641486,19.29008954301412,15.5348190893562,14.02819991415394,14.38503057187292,15.06904617445302,17.44193561820633,19.01844816574435,20.20641425049638,20.5888290216079
"MESSAGEix-GLOBIOM 1.1-M-R12","Net Zero 2050","MESSAGEix-GLOBIOM 1.1-R12|Other Pacific Asia","Final Energy|Transportation","EJ/yr",2.189200862,3.472598156,3.991270302,4.5878084,5.141748574,6.35958329152,7.03058660950245,7.01362522004086,7.009424300281478,7.148786506809002,7.059069743458195,6.683671790709727,6.580985591978957,7.289193354512082,8.05096560282481,10.06319035268033,11.96268342399775,13.53492487128811,14.96853558405493
"MESSAGEix-GLOBIOM 1.1-M-R12","Net Zero 2050","MESSAGEix-GLOBIOM 1.1-R12|Pacific OECD","Final Energy|Transportation","EJ/yr",3.857716274666666,4.534377537333333,4.779672528000001,4.656555086666668,4.531358108000001,4.554362900386666,4.870226013568871,4.378636853719295,3.920315588819082,3.267247820187183,2.636321975976333,2.587481646231178,2.656291056113315,2.708466882145395,2.798502795975969,3.253708125753191,3.594492140798555,3.854202302485972,3.906111315402725
"MESSAGEix-GLOBIOM 1.1-M-R12","Net Zero 2050","MESSAGEix-GLOBIOM 1.1-R12|Rest Centrally Planned Asia","Final Energy|Transportation","EJ/yr",0.1607816682666666,0.2202550692666665,0.4014195676666666,0.6216048284,0.9181856463333328,1.307328502396,1.54598929571144,1.419754426971714,1.291850183909135,1.239496898158519,1.366196683523729,1.439114965452357,1.514525120723099,1.552626205527054,1.613085699156668,1.855534490035936,1.966762329911285,2.02321778986689,2.04145414058278
"MESSAGEix-GLOBIOM 1.1-M-R12","Net Zero 2050","MESSAGEix-GLOBIOM 1.1-R12|South Asia","Final Energy|Transportation","EJ/yr",1.161367982666667,1.509588506666666,1.859592092,2.228644786,3.524471994,4.614102162559999,5.555937186362208,5.886893570408895,6.159542401168699,6.543758882446562,6.587625056207687,7.015512035061539,8.558695215850946,10.35452713894723,12.25274676862118,17.73010533935577,23.37456615264573,28.8006076135238,33.50440633863114
"MESSAGEix-GLOBIOM 1.1-M-R12","Net Zero 2050","MESSAGEix-GLOBIOM 1.1-R12|Sub-saharan Africa","Final Energy|Transportation","EJ/yr",0.8810898753333332,1.039783385333333,1.230185108666667,1.550652535333333,1.843178676,2.219032235066666,2.723906931977534,3.004449370140286,3.120719466499139,3.367036295466879,3.465808178844926,3.615543869771028,3.62837920860558,4.533033241329529,5.525583891013894,8.945725389039712,13.87171575697307,20.26121475049526,28.11440106148407
"MESSAGEix-GLOBIOM 1.1-M-R12","Net Zero 2050","MESSAGEix-GLOBIOM 1.1-R12|Western Europe","Final Energy|Transportation","EJ/yr",10.49723742,11.39592451266667,12.43498037533333,12.96740291,12.63229882066667,12.68103474406667,13.6605083605662,12.52807704876381,11.16836081562639,9.35376800902336,8.691268472219019,8.903785700571405,9.40143236621762,9.825787729234944,10.42743008294818,12.4868764596812,14.33433496729443,15.81855130704098,17.07757688736706
"Â© NGFS Scenario Explorer https://data.ece.iiasa.ac.at/ngfs"